,bond_ttm,risk_free_rate
0,0.25,0.02779
1,0.5,0.028659
2,1.0,0.030361
3,3.0,0.03531
4,5.0,0.036518
5,7.0,0.036524
6,10.0,0.037181
